epoch,train_loss,val_loss,accuracy,lr
1,2.3026,2.3015,0.1124,0.001
2,1.8934,1.9012,0.3215,0.001
3,1.2451,1.3102,0.5823,0.001
4,0.8923,0.9541,0.7012,0.0005
5,0.6234,0.7123,0.7845,0.0005
6,0.4512,0.5834,0.8234,0.0005
7,0.3201,0.4923,0.8567,0.00025
8,0.2345,0.4512,0.8734,0.00025
9,0.1823,0.4401,0.8812,0.00025
10,0.1456,0.4389,0.8856,0.0001
